{
	"credit": "Made with Blockbench",
	"textures": {
		"0": "decor:item/arrow",
		"particle": "decor:item/arrow"
	},
	"elements": [
		{
			"from": [1, 0, 6],
			"to": [10, 1, 10],
			"faces": {
				"north": {"uv": [0, 0, 9, 1], "texture": "#0"},
				"east": {"uv": [0, 0, 4, 1], "texture": "#0"},
				"south": {"uv": [0, 0, 9, 1], "texture": "#0"},
				"west": {"uv": [0, 0, 4, 1], "texture": "#0"},
				"up": {"uv": [0, 0, 9, 4], "texture": "#0"},
				"down": {"uv": [0, 0, 9, 4], "texture": "#0"}
			}
		},
		{
			"from": [10, 0, 3],
			"to": [11, 1, 13],
			"faces": {
				"north": {"uv": [0, 0, 1, 1], "texture": "#0"},
				"east": {"uv": [0, 0, 10, 1], "texture": "#0"},
				"south": {"uv": [0, 0, 1, 1], "texture": "#0"},
				"west": {"uv": [0, 0, 10, 1], "texture": "#0"},
				"up": {"uv": [0, 4, 1, 14], "texture": "#0"},
				"down": {"uv": [0, 4, 1, 14], "texture": "#0"}
			}
		},
		{
			"from": [11, 0, 4],
			"to": [12, 1, 12],
			"faces": {
				"north": {"uv": [0, 0, 1, 1], "texture": "#0"},
				"east": {"uv": [0, 0, 8, 1], "texture": "#0"},
				"south": {"uv": [0, 0, 1, 1], "texture": "#0"},
				"west": {"uv": [0, 0, 8, 1], "texture": "#0"},
				"up": {"uv": [1, 5, 2, 13], "texture": "#0"},
				"down": {"uv": [1, 5, 2, 13], "texture": "#0"}
			}
		},
		{
			"from": [12, 0, 5],
			"to": [13, 1, 11],
			"faces": {
				"north": {"uv": [0, 0, 1, 1], "texture": "#0"},
				"east": {"uv": [0, 0, 6, 1], "texture": "#0"},
				"south": {"uv": [0, 0, 1, 1], "texture": "#0"},
				"west": {"uv": [0, 0, 6, 1], "texture": "#0"},
				"up": {"uv": [2, 6, 3, 12], "texture": "#0"},
				"down": {"uv": [2, 6, 3, 12], "texture": "#0"}
			}
		},
		{
			"from": [13, 0, 6],
			"to": [14, 1, 10],
			"faces": {
				"north": {"uv": [0, 0, 1, 1], "texture": "#0"},
				"east": {"uv": [0, 0, 4, 1], "texture": "#0"},
				"south": {"uv": [0, 0, 1, 1], "texture": "#0"},
				"west": {"uv": [0, 0, 4, 1], "texture": "#0"},
				"up": {"uv": [3, 7, 4, 11], "texture": "#0"},
				"down": {"uv": [3, 7, 4, 11], "texture": "#0"}
			}
		},
		{
			"from": [14, 0, 7],
			"to": [15, 1, 9],
			"faces": {
				"north": {"uv": [0, 0, 1, 1], "texture": "#0"},
				"east": {"uv": [0, 0, 2, 1], "texture": "#0"},
				"south": {"uv": [0, 0, 1, 1], "texture": "#0"},
				"west": {"uv": [0, 0, 2, 1], "texture": "#0"},
				"up": {"uv": [0, 0, 1, 2], "texture": "#0"},
				"down": {"uv": [4, 8, 5, 10], "texture": "#0"}
			}
		}
	],
	"display": {
		"thirdperson_righthand": {
			"rotation": [0, 0, 90],
			"translation": [-4.25, 3.5, 1.75],
			"scale": [0.55, 0.55, 0.55]
		},
		"thirdperson_lefthand": {
			"rotation": [0, 0, -90],
			"translation": [4.25, 3.5, 1.75],
			"scale": [0.55, 0.55, 0.55]
		},
		"firstperson_righthand": {
			"rotation": [0, 90, 15],
			"translation": [0, 8, 4],
			"scale": [0.68, 0.68, 0.68]
		},
		"firstperson_lefthand": {
			"rotation": [0, -90, -15],
			"translation": [0, 8, 4],
			"scale": [0.68, 0.68, 0.68]
		},
		"ground": {
			"translation": [0, 2, 0],
			"scale": [0.5, 0.5, 0.5]
		},
		"gui": {
			"rotation": [90, 0, 0]
		},
		"head": {
			"rotation": [0, 90, 90],
			"translation": [0, 13, 7]
		},
		"fixed": {
			"rotation": [90, 0, 0],
			"translation": [0, 0, 7]
		}
	}
}