{
	"credit": "Made with Blockbench",
	"elements": [
		{
			"name": "facade",
			"from": [0, 0, 0],
			"to": [16, 0, 16],
			"color": 1,
			"faces": {
				"north": {"uv": [0, 0, 16, 0], "texture": "#facade"},
				"east": {"uv": [0, 0, 16, 0], "texture": "#facade"},
				"south": {"uv": [0, 0, 16, 0], "texture": "#facade"},
				"west": {"uv": [0, 0, 16, 0], "texture": "#facade"},
				"up": {"uv": [0, 0, 16, 16], "texture": "#facade"},
				"down": {"uv": [0, 0, 16, 16], "texture": "#facade"}
			}
		}
	],
	"display": {
		"thirdperson_righthand": {
			"rotation": [75, 45, 0],
			"translation": [0, 2.5, 0],
			"scale": [0.375, 0.375, 0.375]
		},
		"thirdperson_lefthand": {
			"rotation": [75, 45, 0],
			"translation": [0, 2.5, 0],
			"scale": [0.375, 0.375, 0.375]
		},
		"firstperson_righthand": {
			"rotation": [0, 45, 0],
			"scale": [0.4, 0.4, 0.4]
		},
		"firstperson_lefthand": {
			"rotation": [0, 225, 0],
			"scale": [0.4, 0.4, 0.4]
		},
		"ground": {
			"translation": [0, 3, 0],
			"scale": [0.25, 0.25, 0.25]
		},
		"gui": {
			"rotation": [90, 0, 0],
			"scale": [0.8, 0.8, 0.8]
		},
		"fixed": {
			"rotation": [90, 0, 0],
			"translation": [0, 0, 16],
			"scale": [2, 2, 2]
		}
	}
}