{
	"credit": "Made with Blockbench",
	"textures": {
		"0": "decor:item/handle",
		"1": "decor:item/hammer",
		"particle": "decor:item/hammer"
	},
	"elements": [
		{
			"name": "handle",
			"from": [1, 0, 7],
			"to": [11, 2, 9],
			"faces": {
				"north": {"uv": [0, 2, 10, 4], "texture": "#0"},
				"east": {"uv": [0, 0, 2, 2], "texture": "#0"},
				"south": {"uv": [0, 6, 10, 8], "texture": "#0"},
				"west": {"uv": [0, 0, 2, 2], "texture": "#0"},
				"up": {"uv": [0, 0, 10, 2], "texture": "#0"},
				"down": {"uv": [0, 4, 10, 6], "texture": "#0"}
			}
		},
		{
			"name": "head",
			"from": [11, -4, 6],
			"to": [15, 6, 10],
			"faces": {
				"north": {"uv": [0, 0, 4, 10], "texture": "#1"},
				"east": {"uv": [0, 0, 4, 10], "texture": "#1"},
				"south": {"uv": [0, 0, 4, 10], "texture": "#1"},
				"west": {"uv": [0, 0, 4, 10], "texture": "#1"},
				"up": {"uv": [0, 0, 4, 4], "texture": "#1"},
				"down": {"uv": [0, 0, 4, 4], "texture": "#1"}
			}
		}
	],
	"display": {
		"thirdperson_righthand": {
			"rotation": [0, -90, 90],
			"translation": [0, 4, -5]
		},
		"thirdperson_lefthand": {
			"rotation": [0, 90, -90],
			"translation": [0, 4, -5]
		},
		"firstperson_righthand": {
			"rotation": [0, -90, 139],
			"translation": [0, 0, -1],
			"scale": [0.75, 0.75, 0.75]
		},
		"firstperson_lefthand": {
			"rotation": [0, 90, -139],
			"translation": [0, 0, -1],
			"scale": [0.75, 0.75, 0.75]
		},
		"ground": {
			"rotation": [90, 0, 0],
			"translation": [0, 0, 3],
			"scale": [0.5, 0.5, 0.5]
		},
		"gui": {
			"rotation": [30, 45, 0],
			"translation": [0, 5, 0]
		},
		"head": {
			"rotation": [0, 0, 10],
			"translation": [-5.5, 17, 1]
		},
		"fixed": {
			"translation": [0, 8, 0]
		}
	}
}