{
	"credit": "Made with Blockbench",
	"parent": "iron_nugget",
	"textures": {
		"0": "custom/spruce_planks",
		"1": "custom/stone_bricks",
		"particle": "custom/spruce_planks"
	},
	"elements": [
		{
			"from": [11, 1, 4],
			"to": [12, 8, 12],
			"rotation": {"angle": 0, "axis": "y", "origin": [19, 9, 19]},
			"faces": {
				"north": {"uv": [0, 0, 1, 6], "texture": "#0"},
				"east": {"uv": [0, 0, 8, 6], "texture": "#0"},
				"south": {"uv": [0, 0, 1, 6], "texture": "#0"},
				"west": {"uv": [0, 0, 8, 6], "texture": "#0"},
				"up": {"uv": [0, 0, 1, 8], "texture": "#0"},
				"down": {"uv": [0, 0, 1, 8], "texture": "#0"}
			}
		},
		{
			"from": [5, 7, 5],
			"to": [11, 8, 11],
			"rotation": {"angle": 0, "axis": "y", "origin": [13, 15, 13]},
			"faces": {
				"north": {"uv": [0, 0, 6, 1], "texture": "#missing"},
				"east": {"uv": [0, 0, 6, 1], "texture": "#missing"},
				"south": {"uv": [0, 0, 6, 1], "texture": "#missing"},
				"west": {"uv": [0, 0, 6, 1], "texture": "#missing"},
				"up": {"uv": [0, 0, 6, 6], "texture": "#0"},
				"down": {"uv": [0, 0, 6, 6], "texture": "#0"}
			}
		},
		{
			"from": [4, 1, 5],
			"to": [5, 8, 12],
			"rotation": {"angle": 0, "axis": "y", "origin": [12, 9, 13]},
			"faces": {
				"north": {"uv": [0, 0, 1, 6], "texture": "#missing"},
				"east": {"uv": [0, 0, 7, 6], "texture": "#0"},
				"south": {"uv": [0, 0, 1, 6], "texture": "#0"},
				"west": {"uv": [0, 0, 7, 6], "texture": "#0"},
				"up": {"uv": [0, 0, 1, 7], "texture": "#0"},
				"down": {"uv": [0, 0, 1, 7], "texture": "#0"}
			}
		},
		{
			"from": [5, 1, 11],
			"to": [11, 8, 12],
			"rotation": {"angle": 0, "axis": "y", "origin": [13, 9, 19]},
			"faces": {
				"north": {"uv": [0, 0, 6, 6], "texture": "#0"},
				"east": {"uv": [0, 0, 1, 6], "texture": "#missing"},
				"south": {"uv": [0, 0, 6, 6], "texture": "#0"},
				"west": {"uv": [0, 0, 1, 6], "texture": "#missing"},
				"up": {"uv": [0, 0, 6, 1], "texture": "#0"},
				"down": {"uv": [0, 0, 6, 1], "texture": "#0"}
			}
		},
		{
			"from": [4, 1, 4],
			"to": [11, 8, 5],
			"rotation": {"angle": 0, "axis": "y", "origin": [12, 9, 12]},
			"faces": {
				"north": {"uv": [0, 0, 7, 6], "texture": "#0"},
				"east": {"uv": [0, 0, 1, 6], "texture": "#missing"},
				"south": {"uv": [0, 0, 7, 6], "texture": "#0"},
				"west": {"uv": [0, 0, 1, 6], "texture": "#0"},
				"up": {"uv": [0, 0, 7, 1], "texture": "#0"},
				"down": {"uv": [0, 0, 7, 1], "texture": "#0"}
			}
		},
		{
			"from": [3, 0, 3],
			"to": [4, 1, 13],
			"rotation": {"angle": 0, "axis": "y", "origin": [20, 8, 20]},
			"faces": {
				"north": {"uv": [0, 0, 1, 1], "texture": "#1"},
				"east": {"uv": [0, 0, 10, 1], "texture": "#1"},
				"south": {"uv": [0, 0, 1, 1], "texture": "#1"},
				"west": {"uv": [0, 0, 10, 1], "texture": "#1"},
				"up": {"uv": [0, 0, 1, 10], "texture": "#1"},
				"down": {"uv": [0, 0, 1, 10], "texture": "#1"}
			}
		},
		{
			"from": [4, 0, 12],
			"to": [13, 1, 13],
			"rotation": {"angle": 0, "axis": "y", "origin": [12, 8, 20]},
			"faces": {
				"north": {"uv": [0, 0, 9, 1], "texture": "#1"},
				"east": {"uv": [0, 0, 1, 1], "texture": "#1"},
				"south": {"uv": [0, 0, 9, 1], "texture": "#1"},
				"west": {"uv": [0, 0, 1, 1], "texture": "#missing"},
				"up": {"uv": [0, 0, 9, 1], "texture": "#1"},
				"down": {"uv": [0, 0, 9, 1], "texture": "#1"}
			}
		},
		{
			"from": [12, 0, 3],
			"to": [13, 1, 12],
			"rotation": {"angle": 0, "axis": "y", "origin": [20, 8, 19]},
			"faces": {
				"north": {"uv": [0, 0, 1, 1], "texture": "#1"},
				"east": {"uv": [0, 0, 9, 1], "texture": "#1"},
				"south": {"uv": [0, 0, 1, 1], "texture": "#missing"},
				"west": {"uv": [0, 0, 9, 1], "texture": "#1"},
				"up": {"uv": [0, 0, 1, 9], "texture": "#1"},
				"down": {"uv": [0, 0, 1, 9], "texture": "#1"}
			}
		},
		{
			"from": [4, 0, 3],
			"to": [12, 1, 4],
			"rotation": {"angle": 0, "axis": "y", "origin": [12, 8, 11]},
			"faces": {
				"north": {"uv": [0, 0, 8, 1], "texture": "#1"},
				"east": {"uv": [0, 0, 1, 1], "texture": "#missing"},
				"south": {"uv": [0, 0, 8, 1], "texture": "#1"},
				"west": {"uv": [0, 0, 1, 1], "texture": "#missing"},
				"up": {"uv": [0, 0, 8, 1], "texture": "#1"},
				"down": {"uv": [0, 0, 8, 1], "texture": "#1"}
			}
		},
		{
			"from": [2, 0, 2],
			"to": [3, 1, 14],
			"rotation": {"angle": 0, "axis": "y", "origin": [10, 8, 11]},
			"faces": {
				"north": {"uv": [0, 0, 1, 1], "texture": "#1"},
				"east": {"uv": [0, 0, 12, 1], "texture": "#missing"},
				"south": {"uv": [0, 0, 1, 1], "texture": "#1"},
				"west": {"uv": [0, 0, 12, 1], "texture": "#1"},
				"up": {"uv": [0, 0, 1, 12], "texture": "#1"},
				"down": {"uv": [0, 0, 1, 12], "texture": "#1"}
			}
		},
		{
			"from": [3, 0, 13],
			"to": [14, 1, 14],
			"rotation": {"angle": 0, "axis": "y", "origin": [11, 8, 21]},
			"faces": {
				"north": {"uv": [0, 0, 11, 1], "texture": "#missing"},
				"east": {"uv": [0, 0, 1, 1], "texture": "#1"},
				"south": {"uv": [0, 0, 11, 1], "texture": "#1"},
				"west": {"uv": [0, 0, 1, 1], "texture": "#missing"},
				"up": {"uv": [0, 0, 11, 1], "texture": "#1"},
				"down": {"uv": [0, 0, 11, 1], "texture": "#1"}
			}
		},
		{
			"from": [3, 0, 2],
			"to": [14, 1, 3],
			"rotation": {"angle": 0, "axis": "y", "origin": [11, 8, 10]},
			"faces": {
				"north": {"uv": [0, 0, 11, 1], "texture": "#1"},
				"east": {"uv": [0, 0, 1, 1], "texture": "#1"},
				"south": {"uv": [0, 0, 11, 1], "texture": "#missing"},
				"west": {"uv": [0, 0, 1, 1], "texture": "#missing"},
				"up": {"uv": [0, 0, 11, 1], "texture": "#1"},
				"down": {"uv": [0, 0, 11, 1], "texture": "#1"}
			}
		},
		{
			"from": [13, 0, 3],
			"to": [14, 1, 13],
			"rotation": {"angle": 0, "axis": "y", "origin": [21, 8, 11]},
			"faces": {
				"north": {"uv": [0, 0, 1, 1], "texture": "#missing"},
				"east": {"uv": [0, 0, 10, 1], "texture": "#1"},
				"south": {"uv": [0, 0, 1, 1], "texture": "#missing"},
				"west": {"uv": [0, 0, 10, 1], "texture": "#missing"},
				"up": {"uv": [0, 0, 1, 10], "texture": "#1"},
				"down": {"uv": [0, 0, 1, 10], "texture": "#1"}
			}
		}
	],
	"display": {
		"thirdperson_righthand": {
			"translation": [1.25, 8, 0.75]
		},
		"thirdperson_lefthand": {
			"translation": [0, 7.5, 0.75]
		},
		"firstperson_righthand": {
			"translation": [1, 4, 0],
			"scale": [0.5, 0.5, 0.5]
		},
		"firstperson_lefthand": {
			"translation": [0.25, 5.25, 0.5],
			"scale": [0.5, 0.5, 0.5]
		},
		"ground": {
			"translation": [0, 5.25, 0]
		},
		"gui": {
			"rotation": [26, 24, 11],
			"translation": [-1.25, 4.5, 0]
		},
		"head": {
			"translation": [0, 18, 0],
			"scale": [1.5, 1.5, 1.5]
		},
		"fixed": {
			"rotation": [-90, 0, 0],
			"translation": [0, -0.25, -18.75],
			"scale": [2.5, 2.5, 2.5]
		}
	},
	"groups": [
		{
			"name": "Hat",
			"origin": [12, 9, 12],
			"children": [0, 1, 2, 3, 4]
		},
		{
			"name": "Hat Rim",
			"origin": [12, 8, 11],
			"children": [5, 6, 7, 8, 9, 10, 11, 12]
		}
	]
}