{
  "parent": "minecraft:item/generated",
  "textures": {
    "layer0": "minecraft:item/iron_nugget"
  },
  "overrides":[
    {"predicate":{"custom_model_data": 1001}, "model": "item/laser_eye"},
    {"predicate":{"custom_model_data": 1002}, "model": "item/builders_hat"},
    {"predicate":{"custom_model_data": 1003}, "model": "item/ice_spikes"},     
    {"predicate":{"custom_model_data": 1004}, "model": "item/goggles"},
    {"predicate":{"custom_model_data": 1005}, "model": "item/decoy_chest"}     
  ]
}
