{
	"credit": "Made with Blockbench",
	"parent": "diamond_hoe",
	"textures": {
		"1": "custom/Red"
	},
	"elements": [
		{
			"from": [0, 0, 0],
			"to": [2, 5, 2],
			"faces": {
				"north": {"uv": [0, 0, 2, 5], "texture": "#1"},
				"east": {"uv": [0, 0, 2, 5], "texture": "#1"},
				"south": {"uv": [0, 0, 2, 5], "texture": "#1"},
				"west": {"uv": [0, 0, 2, 5], "texture": "#1"},
				"up": {"uv": [0, 0, 2, 5], "texture": "#1"},
				"down": {"uv": [0, 0, 2, 5], "texture": "#1"}
			}
		}
	],
	"display": {
		"thirdperson_righthand": {
			"rotation": [-23, 0, 0],
			"translation": [3.5, -31.5, 17.25],
			"scale": [0, 0, 0]
		},
		"thirdperson_lefthand": {
			"scale": [0, 0, 0]
		},
		"firstperson_righthand": {
			"scale": [0, 0, 0]
		},
		"firstperson_lefthand": {
			"scale": [0, 0, 0]
		},
		"ground": {
			"translation": [7.75, 3.25, 6.5]
		},
		"gui": {
			"rotation": [90, 0, 0],
			"translation": [13.75, -14.25, 0],
			"scale": [2, 2, 2]
		},
		"head": {
			"rotation": [90, 0, 0],
			"translation": [10.75, -7.25, -3.75]
		},
		"fixed": {
			"rotation": [90, 0, 0],
			"translation": [29.5, -27, 9.5],
			"scale": [4, 4, 4]
		}
	}
}